{
  "nnAssistSchemaVersion": 2,
  "nnAssistWeights": {
    "neurons": [
      22,
      32,
      1
    ],
    "weights": [
      -0.27473691749028867,
      1.9699279081911452,
      -0.09607646650176696,
      -0.34371456191129,
      1.4122602512023996,
      -0.7425234459351628,
      0.3696336266227852,
      -0.8320761938617232,
      -1.585068994202422,
      1.437768388379724,
      -0.43914946646123443,
      1.5968168523967459,
      0.617672790076918,
      -0.7460972910891553,
      -1.5730535011393647,
      -1.1232579833343643,
      -1.0568379844679363,
      -1.416105764765149,
      -0.601341244268601,
      -1.7993653960020484,
      -0.026308627728150236,
      -3.132580385801698,
      -2.08317990278387,
      -0.8397041729719965,
      2.0955751659301844,
      0.10040585540903149,
      -1.3254140132054995,
      2.0959720201305223,
      -0.13053832181134975,
      -0.5671524023523836,
      -3.487586725252204,
      -0.8270154845902381,
      0.018366881326492706,
      -0.5697985616716981,
      1.5179882738132529,
      -2.152771353077564,
      2.1326281054362077,
      1.1273954423911796,
      1.6957119197992996,
      2.128954767942102,
      -0.3874950108361376,
      0.43567407769572425,
      -1.0165551231600922,
      -2.020430362815307,
      -1.0911064466352067,
      -0.5355908051313715,
      1.5268555801185593,
      -0.755484512365141,
      -0.9010343916367226,
      -0.6744888757527103,
      0.5918854301487831,
      1.7984221250571628,
      -1.1541640223628877,
      0.44310971010836914,
      1.117669867705232,
      -0.14881944949961504,
      -0.603864438709164,
      1.1757659508009966,
      -2.1751419498819775,
      1.4388302443682979,
      0.8591461226409265,
      1.535199066795944,
      2.4137883020004574,
      -1.8743385416708604,
      -0.7454688013617681,
      0.08575964214378057,
      -0.36777974015050524,
      1.4204525078421382,
      1.472508330971837,
      0.22855327023017016,
      2.351772164666619,
      -0.22182873450917662,
      1.2380229378328045,
      0.05706211075695738,
      0.026990958383255215,
      1.3968668882062512,
      -1.0791054881928768,
      -0.11795777650292508,
      0.75321989000412,
      0.5868880255583168,
      -0.83645189397268,
      0.5647639317147648,
      -0.22917244567635692,
      -0.9081745134379018,
      1.6764153203180212,
      2.4456916212689155,
      -1.0920637920167526,
      1.3833027603446748,
      -0.4885455726519725,
      1.166772250568582,
      0.15316699548954638,
      -0.4150650709925265,
      -2.859448848522381,
      0.8933994625793622,
      -0.3312402316709563,
      -1.092286962555765,
      2.0305141255210435,
      2.5585490988626587,
      -0.9548678267775728,
      -0.16357701137170544,
      -2.35370583890788,
      -0.26677405002695165,
      1.3668665324323352,
      -1.2860611272137217,
      1.399862061736775,
      0.8842725035187069,
      -2.364296983990276,
      0.7179771064395546,
      -1.8418641793800212,
      1.5996529912706692,
      2.3003144789210643,
      -2.2851141322278457,
      -1.169337865106995,
      -2.000959675924228,
      0.9062044071469392,
      0.8148708360248951,
      -0.7303476357267498,
      -0.7999249241604172,
      -2.969541923774513,
      0.2031421434161588,
      0.3137918196521813,
      1.263276424808525,
      1.0125153157340403,
      1.047160289334934,
      0.40705709532717255,
      -1.5573146583509403,
      -1.5587032482661893,
      0.6870495928049165,
      -0.0024852442250154344,
      -2.2932927449119025,
      -1.4536320362154287,
      -0.5055934925948542,
      1.5820583648845383,
      0.38031002349833465,
      1.7580962999475145,
      0.3303286226679308,
      0.0038529768464831207,
      -0.17056127841301924,
      -0.030405316234547664,
      2.271756103503756,
      -2.221921335519066,
      2.0818950052933194,
      -0.7956805416968643,
      -0.1416577393712416,
      1.1335330433503263,
      2.1255994363626214,
      -0.2856530331050823,
      0.46455491230913254,
      0.8137701075895478,
      0.4163184035849321,
      -0.8333811022294897,
      0.5501047842446574,
      0.07186745171595474,
      -0.22870572092446823,
      0.041952878554890966,
      0.7598850499511187,
      0.8638467876685472,
      -2.1238069786099256,
      -0.9068541577713927,
      -0.4403734987184176,
      0.06358426683197496,
      0.2206599490731014,
      -0.2619809251403423,
      -1.4035003640046628,
      -2.4240304020753367,
      1.4029078741537249,
      -2.180824035587449,
      1.1157652338081219,
      0.47054568296260946,
      -2.053718043636129,
      0.135731512282223,
      -0.9893056760150616,
      1.0471034918936142,
      -1.1523636856573805,
      -2.8217672264220006,
      -1.7431568878710109,
      -2.679333559469841,
      1.573306456291617,
      0.3836084731119115,
      -1.3388812793545515,
      1.6555037349841146,
      -0.16813619990656772,
      -0.4596936347209551,
      1.9734311412248988,
      -0.8308672872008938,
      -1.612204113137759,
      -0.29916989799280014,
      0.3856412657390106,
      0.48502022363611075,
      -1.9329259155513618,
      -0.010504814762099995,
      -0.6838537565694665,
      1.790472675312707,
      1.3272294803094937,
      1.8740443593195633,
      1.3556590318267872,
      1.4803222693194027,
      1.4122682456348088,
      0.3410599590857747,
      -1.4510236510248278,
      1.3316775996800094,
      -1.0396596431530374,
      -0.45020620007637746,
      -1.0752293154091062,
      0.8040781793927876,
      -0.31237321320488787,
      1.8805500993190576,
      -0.517397890506037,
      -0.14146394212663116,
      0.37442480054059696,
      -0.0727794438576318,
      -3.0189219427413088,
      0.12283103676777357,
      1.2008190585468737,
      2.026536898279571,
      -0.2016846191902367,
      2.999155923456699,
      -0.41045969542632194,
      -2.164224912256757,
      -0.8208686521313282,
      2.708863700659998,
      -0.10494220791211786,
      -0.7565124895271633,
      -0.7421409934845293,
      0.1399118603634335,
      -0.18271142729875386,
      -0.6873037091841059,
      -0.2597116248173856,
      -0.3544707146245062,
      -0.5389238813440628,
      1.5253765952510296,
      1.1972513323071066,
      -0.5236500083187807,
      -0.8321206941966299,
      -0.565165603452253,
      0.39320976233250315,
      -1.722005310371835,
      0.08981973836664595,
      0.0058769807120085706,
      1.8385536626772665,
      0.8462043214905752,
      -1.984539276658936,
      -1.4492191702457178,
      0.25763842676583465,
      1.5056218547800981,
      0.7908598534952425,
      -0.2990452432811618,
      2.473824068270112,
      0.5254872775382038,
      1.0821007041248363,
      0.947580207829924,
      -1.9959528757938862,
      0.44690135917388574,
      -1.8715303796973761,
      -0.1290264395455659,
      -0.3359966848085082,
      -1.2245059091459574,
      0.450714402740633,
      -2.1288942749369486,
      0.12196686282458759,
      -0.9241796929550086,
      0.5403043265854811,
      -0.47981407766280776,
      1.5596624559551273,
      -1.4505567878484154,
      -0.275398368344102,
      0.8831736653716245,
      -0.2353404294749016,
      4.290274441307491,
      -1.0178534361490914,
      -0.34548765347868543,
      -1.387865102847783,
      0.6109305900087023,
      -0.5654432971477994,
      3.1864151496771793,
      -0.5832307710172344,
      0.7354696444588724,
      -1.4765781743300124,
      1.293229679119745,
      1.4153543904786101,
      0.4491279404046696,
      1.3244378387327267,
      0.0955143980765302,
      -2.1127135353713253,
      -1.3279289204619353,
      0.833454538826143,
      0.8281729053279614,
      -0.03225803629257018,
      -1.8689867040694603,
      -0.031007301293729694,
      -1.388252361948729,
      -1.015358034426356,
      -0.01204103718560992,
      0.01353558408874636,
      -0.07860361568966057,
      -0.8973572045151434,
