{
  "nnAssistSchemaVersion": 2,
  "nnAssistWeights": {
    "neurons": [
      22,
      32,
      1
    ],
    "weights": [
      -0.24839493921457612,
      0.9623686529379898,
      0.15794839682255868,
      -0.6498148983729752,
      1.1550992264952262,
      -0.47642723381378727,
      0.743905953497591,
      -0.05103375094201379,
      -1.7963292311646952,
      1.1038459738490878,
      -0.42084134408447715,
      0.760072810609673,
      0.347244695882333,
      -0.8682834151264012,
      -0.9122722895148994,
      -1.3520214676813704,
      -0.9106578023887559,
      -0.563939012063925,
      0.05972917457971971,
      -1.399731140971557,
      0.4509452183150917,
      -3.256916522423258,
      -1.254504413740672,
      -0.6178161769657649,
      2.431288792415773,
      0.5486607666094514,
      -0.896686997416063,
      2.073983710648004,
      -0.08590581441214606,
      -0.9830999117757919,
      -3.4201706553112743,
      -0.8063328577008521,
      -0.1889782521026806,
      -1.6010203935438665,
      1.4743479494142835,
      -2.4964239044381666,
      2.049703020360523,
      0.7534672723141445,
      0.8471918576993593,
      2.518290390251085,
      -0.22496954931919277,
      0.0745647635388629,
      -1.995672422582784,
      -1.6741359453086906,
      -0.797888593583463,
      -0.6846115196284663,
      1.4998742938942902,
      -1.0213607415720665,
      -1.0068583217638967,
      -0.2937112335797835,
      0.09026479915378371,
      1.1103871169361879,
      -0.3621541872824391,
      0.36198360529339246,
      0.7093697881127619,
      0.6203613940386494,
      -0.5056609788786084,
      1.4484277049535463,
      -2.4728791984740335,
      2.540690833812768,
      0.5390044174531777,
      1.8064214803029195,
      0.6088449728402777,
      -1.8138882251703572,
      -0.9140964534024659,
      0.6904858406043876,
      0.09858671674358788,
      1.4526526788531382,
      1.2721963676002874,
      0.025141922550008466,
      1.2334908134795517,
      -0.43577683432599157,
      0.7755103558645757,
      0.7186184468417658,
      0.2216560976655383,
      1.0961076749215777,
      -0.9246222225506975,
      1.0211445463988162,
      0.45772493784415036,
      1.560612956355025,
      -1.0850162325067054,
      0.13316256577861452,
      -0.5563944634665158,
      -1.0377772597154928,
      1.1456265958777319,
      1.8434414895980602,
      -0.06871791116451631,
      0.3996164572331866,
      -0.5029319959093455,
      1.4658973948973832,
      0.6306240670901022,
      -0.3920342080576986,
      -2.209279797530785,
      0.36886795006559814,
      0.44174692516097314,
      -1.0619887342324108,
      1.2550889112782346,
      2.7804352229615175,
      -0.08109705640819798,
      0.2635701031873402,
      -1.9084765051201078,
      -0.4031473927293083,
      1.42262164252005,
      -0.42082249690498175,
      1.5988006612084693,
      0.4631879577957376,
      -1.8717467834635422,
      -0.5783929999205091,
      -1.6245314455521842,
      1.1801207551764887,
      1.6849131471258922,
      -1.7136120133257728,
      -0.44390063515306166,
      -1.639330825918158,
      0.6950598646440913,
      0.7136689550125677,
      -0.6933933370663975,
      -0.7532955649554136,
      -1.6283341104877687,
      -0.18731564529228684,
      0.48560917445601626,
      1.7080764357593128,
      1.3537258545658795,
      0.7382305847797398,
      0.1045759314270911,
      -0.9100496439812071,
      -1.1593040595633557,
      0.4898233319889802,
      0.36026302792732556,
      -2.882479854391176,
      -0.8298612395579331,
      -0.46209781496682756,
      1.728495970298411,
      -0.23248388058923963,
      0.27841437104392286,
      0.5258449403629865,
      -0.2050697526759248,
      -0.010219308854410553,
      0.2182103083120438,
      1.980063984651894,
      -2.043579977436429,
      1.6722924581418321,
      -0.4790016226697543,
      0.2483694746336188,
      1.1410602628092124,
      2.185793494214175,
      0.5038306864330888,
      0.857722040911262,
      0.47593629348513855,
      0.35099143011916967,
      -0.28223815388438056,
      1.0444642935217623,
      -0.0644752540776809,
      -1.0048121403113495,
      0.13037338579963356,
      0.9833417974029997,
      1.0882679334450212,
      -1.4648304698702461,
      -1.6123430853167933,
      0.535994983430305,
      0.4506949641791218,
      0.3063841836164023,
      -0.6705347404284898,
      -0.4690588301433621,
      -1.425878050381631,
      1.4482753789825407,
      -1.567863044159238,
      0.6035324214656763,
      1.025564430164001,
      -1.8180228953900481,
      0.13469543976462717,
      -1.7519210629165383,
      -0.18225999701379456,
      -0.3458947181723997,
      -1.152534527062251,
      -1.2908328695041094,
      -1.724079541791652,
      1.2390504138296932,
      0.40575884485086094,
      -1.027051397319792,
      1.8106550053866088,
      0.4238819536193623,
      -0.7470754221229442,
      1.619213620768864,
      -0.9389855988753457,
      -1.3549972604070324,
      0.49161985315195633,
      0.19646829401295218,
      0.032210710757882066,
      -2.2102333183495935,
      0.34139735491395173,
      -0.3551724938577394,
      1.1361418763074425,
      0.8723058953791831,
      1.9244769180381114,
      1.3612642450292507,
      1.4833987820458752,
      1.2058051059320432,
      -0.6650557977292696,
      -0.5344729300043269,
      0.8291261146589486,
      -0.4386876117069449,
      -0.39597130751818976,
      -1.050503055478354,
      0.29454632075591447,
      0.23512783260466555,
      1.8166120588061512,
      0.8607371245257789,
      -0.14067868237155712,
      -0.03305270718069164,
      -0.3687190598593344,
      -2.3775339721607245,
      0.3911985269990035,
      0.6352560015680664,
      1.2679963239266767,
      -0.024682906362338608,
      1.8582548835325645,
      0.7788055535664054,
      -2.101723234711352,
      -0.9865058585802856,
      2.0697615649339705,
      0.5152953980382737,
      -0.29411123578938647,
      -0.7958715369087854,
      -0.08438477509341058,
      0.1593839673829331,
      0.12813822448479906,
      0.042340710412015814,
      -0.6870126649965083,
      -0.11646659002815318,
      1.0062057630959622,
      1.1087457376137122,
      -0.46200078398684935,
      -0.39234573393207484,
      -1.4530538740475876,
      0.23025871183006807,
      -1.3634019019909693,
      0.04375992000643797,
      1.2287517927231426,
      1.7457670165485792,
      0.8135344570712595,
      -1.7819309076376675,
      -1.7171550292005657,
      0.0790770614715346,
      1.5498013813649554,
      1.1347366200877038,
      -0.30590016598502934,
      2.471624324091176,
      0.24690589787476946,
      0.9497978250197545,
      0.19647635504790717,
      -2.1830921006705744,
      0.15628358221949845,
      -1.7911762367717843,
      -0.31417119642754565,
      -0.4275286179426996,
      -1.700270163676301,
      0.6289018076895543,
      -1.6682774510186873,
      0.3964763558702039,
      -0.9434681043884869,
      0.10442301609025784,
      -0.1306548278176135,
      0.6916218081283975,
      -0.8897364057398727,
      0.14039497695256453,
      0.45959073442555254,
      -0.3329524827934116,
      3.4712213456364784,
      -1.011037612503745,
      -0.08826481513111917,
      -1.2283694658236304,
      0.26177315346759567,
      -0.37937613161069783,
      2.708421025147837,
      -0.5840326484834188,
      0.9589205273597341,
      -1.372155413118031,
      2.2277353594916867,
      1.017764784593979,
      0.32079313186378733,
      0.4701182372182561,
      1.1031103970550913,
      -1.237623862388044,
      -1.5378521175474313,
      0.7536806598267354,
      0.46879199497829904,
      -0.1764795203696674,
      -2.5541346486806624,
      -0.0032881695363501384,
      -1.3758818356914224,
      -0.8572555597466598,
      0.29280233544500595,
      -0.18605999602549683,
      -0.07272681705536937,
      -0.6818219647468622,
