{
  "nnAssistSchemaVersion": 2,
  "nnAssistWeights": {
    "neurons": [
      22,
      32,
      1
    ],
    "weights": [
      -0.24551756063433122,
      1.0978258801299594,
      0.17106150789564875,
      -0.4973996825212871,
      0.9632892110591442,
      -0.5246948118346938,
      0.8891807701139801,
      -0.09261143125659972,
      -1.8447757982616049,
      1.1691344065989646,
      -0.5628859873728991,
      0.683602042868836,
      0.4511296626271678,
      -0.6977332892271028,
      -1.003598506338989,
      -1.4063756604422881,
      -1.0434176976204164,
      -0.47591631240602955,
      0.25934977548347227,
      -1.3386975164474868,
      0.34431939371603226,
      -3.272664836768558,
      -1.1186691191705715,
      -0.6922153168094519,
      2.2961125003436127,
      0.6097405008078198,
      -0.7058126852940345,
      2.21560089098317,
      -0.11978102744324684,
      -0.9196163352394989,
      -3.290249454097155,
      -0.7431790744832136,
      -0.28427144209770905,
      -1.505275218729034,
      1.5128013091019332,
      -2.5968611115138938,
      2.015434631688377,
      0.6382687740809878,
      0.6691366820027058,
      2.657890613756623,
      -0.34559857873816785,
      0.11820825906866736,
      -2.1234392450298456,
      -1.4945752707219673,
      -0.7126728621815662,
      -0.8640669770200415,
      1.502521037049975,
      -0.944649790698022,
      -1.0712378517172796,
      -0.28185113111592835,
      0.09873449180700589,
      1.1045176565995467,
      -0.1834233159004439,
      0.39699862063642954,
      0.8889091629191468,
      0.7205516827172682,
      -0.3444318054416762,
      1.319690066559999,
      -2.4142499033941025,
      2.655464357883889,
      0.4954010465394145,
      1.7636203284994563,
      0.49124959606628843,
      -1.6728334737489614,
      -1.0342062562871346,
      0.49266989337193334,
      0.24720073838461007,
      1.430723590535616,
      1.2850602969490004,
      -0.09908170130273337,
      1.2785921291195106,
      -0.46646603788334373,
      0.9754580020212104,
      0.6827329687776506,
      0.14573760677632513,
      1.0306908829352508,
      -1.1128927856632056,
      1.1586465747521753,
      0.4693060892007772,
      1.4811849068547116,
      -0.8911294654888877,
      0.13525879862888796,
      -0.6892034664887012,
      -1.0202912057487987,
      1.0381706082156674,
      1.77696714231444,
      -0.06840706428333869,
      0.48376869690909213,
      -0.5135184817690518,
      1.4761969960159118,
      0.5333202351571789,
      -0.27608166617262114,
      -2.2876079409032073,
      0.36188080683654844,
      0.4596615416977762,
      -1.117960229133175,
      1.4133448485199205,
      2.7296483859873892,
      -0.20879101565121172,
      0.20222019446345166,
      -1.748567849707929,
      -0.5452813625635532,
      1.3529332538566632,
      -0.3383553337997842,
      1.780877595775006,
      0.46046747030721974,
      -1.752728740084807,
      -0.7520986428252655,
      -1.4388439434215623,
      1.12169011861424,
      1.600699790143398,
      -1.5341475832695783,
      -0.3076241784460344,
      -1.6205088395441094,
      0.826573200775625,
      0.911965056176939,
      -0.7884044562481805,
      -0.8691384542006274,
      -1.754018784313829,
      -0.2595085385448864,
      0.33710917874278645,
      1.6893766476828056,
      1.3760452598510515,
      0.6104720260307689,
      0.14973432893990504,
      -1.0386020511214304,
      -1.2393830909492451,
      0.5631536300380203,
      0.42311904841148734,
      -3.0511700554972827,
      -0.8930695372502533,
      -0.6073971362865795,
      1.8586729272222444,
      -0.334771802111703,
      0.28436603453949394,
      0.5433150718807312,
      -0.23463702303889347,
      0.01315479132063238,
      0.10931700206769351,
      1.8467257057611326,
      -2.1771799154042633,
      1.5090630923783248,
      -0.6716836874886969,
      0.18588398447930954,
      1.0725000456190295,
      2.2474528622335175,
      0.37162738614377355,
      0.8758577806916468,
      0.4270191788040819,
      0.26111008995196344,
      -0.1201576868664874,
      0.9359793866927033,
      0.09650774702369425,
      -0.8059027557668001,
      0.22411945854435925,
      1.033925917879272,
      1.1610319347087765,
      -1.5690662047509647,
      -1.5846864343248843,
      0.39769258784847095,
      0.2516390440918232,
      0.28600723789944127,
      -0.7944032887699646,
      -0.44489339999388516,
      -1.408548156962433,
      1.5124255539562217,
      -1.6461744189482599,
      0.600721209160719,
      0.9147227287730395,
      -1.8813963149771125,
      -0.004552774781801272,
      -1.5632198845345726,
      -0.06770191578678199,
      -0.3013652954430578,
      -1.296972819403349,
      -1.4247843148545758,
      -1.5748157861309895,
      1.4230151432308398,
      0.2543730706024244,
      -0.9223492506641847,
      1.874304967602309,
      0.38047599452075936,
      -0.9317433541174862,
      1.6252165681309492,
      -1.0994649262969711,
      -1.3597478030455012,
      0.5361836698695687,
      0.1041984748777365,
      0.15432141552204082,
      -2.365546877542461,
      0.4923857523108307,
      -0.4460837522583487,
      0.992540816656369,
      0.913390279460699,
      2.038293678242595,
      1.303689450164432,
      1.5041629002409305,
      1.1439996457248442,
      -0.7222207263590049,
      -0.5800395659924267,
      0.9204506593211261,
      -0.46659375713634066,
      -0.5552703089204594,
      -0.9846442685454975,
      0.4117119091266558,
      0.23343439874431832,
      1.7606721892500128,
      0.8206631226227141,
      -0.160936904635474,
      0.06254959814433883,
      -0.4287895939724069,
      -2.3961760846448943,
      0.3549874784293411,
      0.7013215377358212,
      1.1493392577341093,
      0.14668962423172638,
      2.0216481040596554,
      0.9720666044766907,
      -1.9223777755970275,
      -0.8567751641310379,
      1.9797025422560088,
      0.5612901581723064,
      -0.48196462633457293,
      -0.8222460219328351,
      -0.1757388020099398,
      0.13019331989043453,
      0.21743297137541964,
      0.19945284111682693,
      -0.7174535585446181,
      -0.10854913573025989,
      0.8510803815178469,
      1.2375104287723933,
      -0.475970981374845,
      -0.2862531664683516,
      -1.577836983773439,
      0.23614976967969414,
      -1.165260312758865,
      0.027087262645253483,
      1.4060845506761606,
      1.9289329216288182,
      0.8246919942093603,
      -1.9079900886366368,
      -1.8522243752617222,
      0.03296382757501193,
      1.5871339571493983,
      1.3114246244751804,
      -0.22996366555276515,
      2.5100416084881694,
      0.28111456476565216,
      1.0259996807297769,
      0.11646314731382494,
      -2.286687416757029,
      0.27873649677625456,
      -1.641966729110526,
      -0.136600573170684,
      -0.4855975393489765,
      -1.5342465156686005,
      0.8122344069712369,
      -1.789261710728053,
      0.26024168779538603,
      -1.050146870046013,
      -0.0767145398602131,
      -0.280421173222693,
      0.5389663590792436,
      -0.8116657384253938,
      0.026345380003186702,
      0.33859805982104463,
      -0.15346744947167634,
      3.5439816144721874,
      -1.1730848906354976,
      0.05229826443133795,
      -1.0718555294566134,
      0.09119825874257736,
      -0.2704944577758451,
      2.8559299818475914,
      -0.5562319674123718,
      1.1427781460090227,
      -1.2516409887394293,
      2.0304398474547107,
      1.174888929938488,
      0.3324031336277661,
      0.3384645603588209,
      1.0281155463051936,
      -1.3742004040566074,
      -1.699021533203286,
      0.6422157795863513,
      0.5706225194350295,
      -0.35793194028347297,
      -2.7323963438933663,
      0.1923659474657358,
      -1.3833757347248836,
      -0.8482256937796473,
      0.24839204066236775,
      -0.16397607420844904,
      -0.19163484715890786,
      -0.608914179527367,
