{
  "nnAssistSchemaVersion": 2,
  "nnAssistWeights": {
    "neurons": [
      22,
      32,
      1
    ],
    "weights": [
      -0.6345501688810966,
      1.8601455039433719,
      0.3308355081970533,
      -0.4692706298096616,
      0.3133380845777998,
      -0.31289474453061317,
      0.5446245787286541,
      -0.25923557432361954,
      -1.7963068341198636,
      1.452269411878523,
      -0.37347403338579516,
      1.557415711205643,
      0.8812868139926809,
      -0.2848533097391358,
      -1.0363883321121015,
      -1.4189635713811208,
      -0.9047836434978376,
      -1.1270306572855546,
      -0.36787001776883566,
      -1.0294422281230295,
      0.656603059127145,
      -3.658847561509847,
      -1.2905229794001178,
      -0.8180878986088598,
      2.6514369354055565,
      1.041925631513054,
      -1.5198224493123438,
      2.442552408634404,
      0.1198781313459209,
      -0.9207026612233474,
      -3.405005699612162,
      -1.3881898762004432,
      0.17157150459812068,
      -1.1038681129599737,
      1.3457689499645005,
      -1.4118459039345768,
      2.0362651081705305,
      0.7645815743681158,
      1.8566447234045107,
      1.9742564553532103,
      -0.6389310616666124,
      0.0822540621551523,
      -1.5224384811808873,
      -1.7391859139196488,
      -0.7163620941893067,
      -0.8376899315883899,
      1.6579793263667737,
      -0.5336033034087375,
      -0.8610679896141245,
      -0.023546975881277438,
      0.32377546791588463,
      1.5913594900011894,
      -0.4664347694223392,
      0.30315053106168427,
      0.9619894878763341,
      0.021655256779248955,
      -0.4398184660094192,
      1.1222437227554298,
      -1.9628875105290848,
      2.2950014236044542,
      1.0998367020218645,
      1.832338312680499,
      1.9770897622756582,
      -1.9102143204771684,
      -0.6494761007713696,
      0.1892814503784048,
      0.06244032893924442,
      1.5606276887482633,
      1.2810867286366847,
      0.16880835715097892,
      1.9058318064683604,
      -0.4400107073801176,
      0.7735416134949438,
      0.005868514647284478,
      -0.4670355285112039,
      1.3660950093919793,
      -0.8874579237404084,
      0.42861704797110256,
      0.02272881232712237,
      1.389475401008911,
      -0.3131485331967675,
      0.6595688645925954,
      -0.7420204263206909,
      -0.9504798844949899,
      1.4959742326308798,
      1.7953937316753226,
      -1.0676217833007597,
      1.2684453948907208,
      -0.7147788516077548,
      1.6544506178408354,
      0.8637395589993417,
      -0.2084308884653066,
      -2.4154663470514746,
      0.6796413024735648,
      0.12367444128980304,
      -1.5107269150782818,
      2.137460592247901,
      2.599742508162555,
      -0.1963712394705991,
      0.6428751987753093,
      -2.123501597103098,
      -0.3574309004351992,
      1.1558547013238996,
      -1.4831393766926508,
      1.314117592202002,
      0.7099202605404931,
      -2.0302018649935705,
      -0.713942785492856,
      -1.2882040124462897,
      1.6114290837462966,
      2.3235733557264644,
      -1.8217492590174424,
      -0.6924957130258788,
      -2.3910658198074644,
      0.3777689179261505,
      0.6776140392196474,
      -0.7950777600397133,
      -0.9098986031173198,
      -1.942787253191827,
      -0.32912120541777234,
      0.762359532014107,
      2.277440898730811,
      1.3481440972865886,
      0.8620240306435679,
      -0.04764482813295595,
      -1.3187899391302513,
      -1.4686716679365495,
      0.32242285635380363,
      -0.4103589178440144,
      -2.7062455194350736,
      -0.9553746521916655,
      -0.3030665859985269,
      1.8905505230577795,
      -0.3013449430939897,
      1.2972434627908467,
      0.35401184515830286,
      -0.08136250233866407,
      0.13890321134124134,
      0.1634020778126455,
      2.2860069374761394,
      -2.7021596177322253,
      2.1471870292634843,
      -0.7947107009680584,
      -0.15193285038254817,
      1.3954997639257294,
      2.034523321647423,
      0.04078478745522636,
      1.1166169570810565,
      0.6813712487358269,
      -0.22277548957963403,
      -0.40320863454342604,
      0.923117752727768,
      -0.031716897554088797,
      -0.24993799412054413,
      0.17725060905691675,
      0.5999276157482625,
      0.935034727384915,
      -2.0955432939335035,
      -0.9346495489073325,
      -0.5072229623100328,
      0.42987957990878756,
      0.2759840434233183,
      -0.40058545118064187,
      -0.9799985614892237,
      -1.6621908184348269,
      1.27509887993313,
      -1.6919150684892863,
      0.7317258471490403,
      1.0388481920959387,
      -1.8579871270063948,
      -0.090785123264612,
      -1.2283287575861381,
      -0.16656830624889266,
      -1.0744528206218302,
      -2.0510800768855444,
      -1.751602134905767,
      -2.328817515611871,
      1.4942845983535085,
      0.643706355964458,
      -1.484731724793474,
      1.8243749296388716,
      0.18818429803418601,
      -1.189737375032227,
      2.663971970444609,
      -1.2265071048728289,
      -1.9009060930187718,
      0.13463534464730184,
      0.11206728760604895,
      -0.07909935607335397,
      -1.7118332244398657,
      0.4043503605154718,
      -0.7742652298574733,
      1.4835783880416507,
      0.8834985008381983,
      1.5027701658691668,
      1.8912360704641795,
      1.378458794764126,
      1.0321727808535361,
      0.38956774721609116,
      -0.7193969354326971,
      0.5315280191980747,
      -1.1960734651009244,
      -0.6086572108759459,
      -1.0451152969834852,
      0.8122759093618629,
      -0.2732439781548296,
      1.12782183051509,
      -0.26296181030186416,
      -0.08661523350905734,
      0.43441085720095457,
      -0.09220196488222804,
      -2.5258890317079916,
      0.5703467373643474,
      0.9171531760807639,
      1.7958801859489508,
      -0.024117483862888006,
      2.49657871623796,
      0.4076346920740587,
      -2.098260729626753,
      -1.2948773651557153,
      2.7442465700220082,
      0.3576557245837713,
      -0.3053381134292139,
      -0.487941492484539,
      -0.08624749011275205,
      0.5426951188072731,
      -0.3522857442817314,
      -0.01906586347792122,
      -0.2810072742084998,
      -0.6065558528044341,
      1.7831211581380522,
      0.9831274023293224,
      -0.9988172008569952,
      -0.724404383194138,
      -1.2426172674659122,
      -0.0578186374740085,
      -1.4659553757212331,
      -0.1316386028488966,
      0.9692622607758908,
      1.3753741090793454,
      0.5713438211673556,
      -1.6944218172942995,
      -1.269956321232899,
      0.13612499117032312,
      1.1915828076404662,
      1.1032616491584235,
      -0.05107903351448945,
      2.87038834187461,
      0.5174058955091204,
      0.6919789698308826,
      0.5339347494870522,
      -2.1843498939255066,
      0.5765851409400929,
      -2.116312122077934,
      -0.4129283721648898,
      -0.2600056469781547,
      -1.6947534536422948,
      1.0574591796672614,
      -1.795265812886236,
      0.18233973546896204,
      -1.1143760473092446,
      0.3237382349128936,
      -0.691603316650407,
      1.020453407983451,
      -1.1759363410653858,
      -0.39717974251760607,
      0.7890716300766419,
      -0.18786631727560893,
      3.7903531448412786,
      -0.8445930658617792,
      0.0757958312280112,
      -1.3652268549690045,
      0.3699372843952131,
      -0.04431842481987111,
      3.169164668249009,
      -1.1509194073043403,
      0.03527607999910018,
      -1.7218011026398494,
      1.6020430637147953,
      1.2079830050793674,
      0.3344549137259982,
      0.5138009879956377,
      0.6489866421248665,
      -1.6227531716776251,
      -1.5829188280824118,
      1.0674180545386531,
      0.47745290142978486,
      -0.3463661169784019,
      -2.20587550474614,
      0.7715039603673937,
      -1.955336240403442,
      -0.7029927261653042,
      0.622585913641667,
      -0.059478981188566,
      -0.3930853751523361,
      -0.5406110743247532,
