{
  "nnAssistSchemaVersion": 2,
  "nnAssistWeights": {
    "neurons": [
      22,
      32,
      1
    ],
    "weights": [
      -0.0421393320475531,
      1.8802899410642904,
      -0.11258244046353255,
      -0.061074187001086855,
      1.485277857138575,
      -0.6377902081837566,
      0.3865885282602348,
      -0.8182704934513831,
      -1.7918434093378788,
      1.2333933270558617,
      -0.21519833073800798,
      1.7898117434390015,
      0.4656188043674887,
      -0.6608489434111855,
      -1.8283503370979264,
      -0.8319152747688527,
      -1.2187417829413865,
      -1.2306709199361232,
      -0.6454839246396726,
      -1.6185165280576872,
      0.27001798823887396,
      -3.087915624297089,
      -2.106937758916381,
      -0.7806396059172563,
      1.9507135404799962,
      0.3039731495838581,
      -1.2955591604038206,
      1.833188659703643,
      -0.2401220938631735,
      -0.8174120666614753,
      -3.332476543153703,
      -1.0810251294994344,
      -0.24756572732791068,
      -0.8590976171135494,
      1.7495556024685188,
      -2.392452191695747,
      1.9379791130289734,
      1.1029616807966078,
      1.4911899379476754,
      2.2697621495596616,
      -0.3792026869774087,
      0.6010575815721055,
      -1.2925394598327706,
      -2.269066285577617,
      -1.0180802303288792,
      -0.2634202975353995,
      1.7623375499746239,
      -0.6845329631829852,
      -0.8494492950741287,
      -0.7793142993153132,
      0.4260375077914286,
      1.7941315261430195,
      -1.1585035344670482,
      0.3210273071481499,
      1.3328113498025143,
      0.04375652434058244,
      -0.4635409407273575,
      1.4250812494290566,
      -2.2811372702404915,
      1.5584561259367875,
      0.8154167136080449,
      1.624264175346686,
      2.44915743117777,
      -1.9782384154447947,
      -0.7126066395010257,
      0.1105637341274973,
      -0.6574766955634648,
      1.3585027006358685,
      1.5452781632952226,
      -0.04845555289226208,
      2.632019903992462,
      0.018460793653525848,
      1.2803139004480701,
      -0.18605357006182538,
      0.21028792022698883,
      1.3577012523989327,
      -0.8003956229491249,
      -0.29132706355376964,
      0.8161357410520694,
      0.8861230828629889,
      -0.5720136521623791,
      0.7363666415713714,
      -0.16314800054558154,
      -0.6815038398554873,
      1.5054362469261422,
      2.645537794437815,
      -1.0127544288321677,
      1.5648288533100603,
      -0.4495325217820706,
      0.9486266533722506,
      0.08262045143137534,
      -0.25358002859068884,
      -3.061507482091838,
      0.7612937782669035,
      -0.4929386445443804,
      -1.3896032879588982,
      1.7516138905065504,
      2.4084540498907643,
      -0.8223796077718857,
      -0.113605092015547,
      -2.635913268431133,
      -0.4445357250105757,
      1.5803590624547326,
      -1.1738093743671936,
      1.60039656978429,
      1.1248317199532774,
      -2.582928341985901,
      0.5825951104104672,
      -1.7892502570849897,
      1.890392873708247,
      2.1869186316925537,
      -2.4769759322317677,
      -1.3194938360289281,
      -1.7534195379194712,
      0.885858502041136,
      0.7400151742876331,
      -0.9222096783032321,
      -0.9519431296851812,
      -2.929984811986571,
      0.24442707962645488,
      0.18420545358628793,
      1.0963707748378366,
      1.054186893313891,
      0.9363015849266729,
      0.6427167052406082,
      -1.5645042098626578,
      -1.3668736416378944,
      0.9546950976006273,
      -0.2608627107176443,
      -2.382414559159691,
      -1.7469160500175243,
      -0.25414085426656124,
      1.732328886209437,
      0.48595755342406594,
      1.9952524668659228,
      0.5954917860763588,
      0.1874514608562294,
      -0.16862731640661963,
      0.09693888475655461,
      2.5130082025963882,
      -2.289294835170878,
      1.9847303618713998,
      -0.7694646489751517,
      -0.27632275605686196,
      1.383994513538645,
      2.3722023247797472,
      -0.14683006829741288,
      0.30631798656952597,
      0.7610069743452407,
      0.48668295940010425,
      -1.055177769578763,
      0.6671179090048951,
      0.0394187225667258,
      -0.2152536720091678,
      -0.01438377008934738,
      0.871288441581679,
      0.9658565888548658,
      -2.00385546469544,
      -0.7945179716550721,
      -0.7252461900374474,
      -0.00047823036148413045,
      0.3720134281366123,
      -0.28188857892251257,
      -1.4441316927883288,
      -2.1821344885247065,
      1.12096883649493,
      -2.377772793132906,
      0.8573753965638735,
      0.7343967861425521,
      -1.8865807200985356,
      0.0826211537558354,
      -0.967965223410896,
      1.258980639607443,
      -1.2114759095290633,
      -3.074801055718685,
      -1.7968956887181657,
      -2.531421122186816,
      1.4162993045551628,
      0.42346460237117795,
      -1.4558670140693424,
      1.6868790946685361,
      -0.11301749617390647,
      -0.4925196946562629,
      1.8020741638702207,
      -0.5661881376761315,
      -1.723364039430842,
      -0.09125360447905578,
      0.25962956688611766,
      0.284069605021859,
      -1.759054636885666,
      0.09564573856361921,
      -0.552980208878826,
      1.8479166165448182,
      1.2342387575298919,
      1.6563647078124897,
      1.1681895942867508,
      1.4008608116508379,
      1.1861939632479843,
      0.4548693736050186,
      -1.7179391657840901,
      1.0986147100992616,
      -1.319228355711918,
      -0.2687014844823433,
      -1.3107852834535936,
      0.8472186337222913,
      -0.1345064018188896,
      2.1169640602228643,
      -0.8094332909042624,
      -0.0876614440753847,
      0.6690009023589552,
      0.2150077481498499,
      -3.138556168454083,
      0.3302114577449602,
      0.9284578006705457,
      1.907114196922784,
      -0.3236670469115712,
      2.7375914842755407,
      -0.4496504737025882,
      -2.0308198624251474,
      -0.6411687945048165,
      2.984554983941274,
      -0.3507348938718181,
      -0.9206553229537316,
      -0.9470786404846663,
      0.4057025690018162,
      0.10284964981672132,
      -0.6781966765819157,
      -0.5529115117141752,
      -0.5461164309657839,
      -0.8379386040734009,
      1.7577688922287298,
      1.2114107062294968,
      -0.42137195645141456,
      -0.8913246078888344,
      -0.4173847240299018,
      0.5554915696260876,
      -1.465791722277278,
      0.07468788239813387,
      -0.14444812676237015,
      1.695838543842569,
      0.7876110084059883,
      -2.1671434165012986,
      -1.6106263240551433,
      -0.006012203263086324,
      1.2649421028662908,
      0.9320491665064716,
      -0.566440907117475,
      2.2330073076243453,
      0.7726911753573529,
      0.885535900506813,
      0.9409388952661186,
      -2.23680328038284,
      0.6939084587483788,
      -1.572320804352523,
      0.07875905762131435,
      -0.5490854589013034,
      -1.0114272085747706,
      0.7058341848158494,
      -2.0718053027500534,
      0.19900196778110693,
      -0.9800468655447787,
      0.3552903392670163,
      -0.30921109537957325,
      1.5858645945358398,
      -1.6755430985517012,
      -0.5446941097172173,
      1.020961073704068,
      -0.28322073140008824,
      4.582124901776867,
      -0.8224948307536468,
      -0.5934178779298975,
      -1.2530428662167619,
      0.6266688741375652,
      -0.5616965197503165,
      2.9435477840038455,
      -0.5619755830729818,
      0.9406822573737784,
      -1.3277813144185697,
      1.3957263815169003,
      1.199915299086672,
      0.2986250218556552,
      1.5530313534998068,
      0.24267485977011774,
      -1.8386999442811929,
      -1.414350691529948,
      0.9744699309639369,
      0.8977675374351359,
      0.057939541000921,
      -2.067842966281788,
      -0.2783798325848139,
      -1.3978845481617852,
      -0.8349157753149952,
      -0.20301592121744177,
      0.20516269567279422,
      -0.1488277376541724,
      -0.6675680438339902,
      -1.260273891689215,
