{
  "nnAssistSchemaVersion": 2,
  "nnAssistWeights": {
    "neurons": [
      22,
      32,
      1
    ],
    "weights": [
      -0.4267933443643462,
      1.0342458075182692,
      0.3516178277588028,
      -0.7694939011005723,
      1.2472321976301133,
      -0.6294543109257082,
      0.8105792349695764,
      0.01450971535887087,
      -1.6358257055274437,
      0.9384884961434666,
      -0.2725164643608389,
      0.8980630976654064,
      0.37547787024238727,
      -1.043756662976319,
      -1.1077431174684722,
      -1.188047235147741,
      -0.9710869129030462,
      -0.6344580832317687,
      -0.12789775716213955,
      -1.401030085229215,
      0.5960106518642906,
      -3.4512811833261283,
      -1.4515369192629193,
      -0.6919789308319199,
      2.4762776536576436,
      0.5044085944839193,
      -1.0921179919070494,
      2.216096048389642,
      -0.21893747123569263,
      -1.1104126735692108,
      -3.296158433351282,
      -0.6899201623241635,
      -0.2070532341754155,
      -1.4308648278271445,
      1.337565956090205,
      -2.459718633296433,
      2.127121016609882,
      0.8022928093188688,
      0.8281665493176017,
      2.3313618268145766,
      -0.22671029003790433,
      0.2406842729026635,
      -1.836194785873348,
      -1.734070783816609,
      -0.9325083260849268,
      -0.6122347978791046,
      1.4634671061666986,
      -0.9259181849908933,
      -0.8963222674108374,
      -0.09515769437818816,
      0.2140985491426315,
      0.9761164061142416,
      -0.4984343518544335,
      0.19771487695429368,
      0.6292898724866962,
      0.5877662932741976,
      -0.35233357235699403,
      1.277171525480099,
      -2.386526836915949,
      2.480683690185792,
      0.6868514589908039,
      1.7110497463137275,
      0.7228539397889473,
      -1.9019311136535173,
      -1.086485883399464,
      0.6812493223297824,
      0.15216441587682533,
      1.3602117213779161,
      1.4052073368622804,
      0.08008067752459987,
      1.3027733858924955,
      -0.5774463382668608,
      0.8128210572659805,
      0.748121035414714,
      0.024952808051457,
      1.0829405274780042,
      -1.0332495746773083,
      0.9079774740277928,
      0.3411017374994735,
      1.5999123780950704,
      -0.9894331241898848,
      0.2920318683596864,
      -0.740788712508947,
      -1.0856904986772444,
      1.3249196848815064,
      2.0035862697237796,
      -0.22652630742994362,
      0.5764734541544183,
      -0.3030644572011181,
      1.6297997681831902,
      0.6595178964967272,
      -0.23644703088452812,
      -2.2227783886598123,
      0.5276461141018635,
      0.4360463336925574,
      -0.8795581128058799,
      1.4250523511562843,
      2.9473072335553945,
      -0.13261209452375805,
      0.3497978068205139,
      -1.748993403486779,
      -0.4666980545262106,
      1.52235552241914,
      -0.598413253244259,
      1.6364429571616694,
      0.5625833360763615,
      -1.9602915633169575,
      -0.5149915719885924,
      -1.5943173510758424,
      1.3399777834416455,
      1.6152882057781284,
      -1.8586636077617613,
      -0.465891649314331,
      -1.8132488223423044,
      0.6880750159011292,
      0.7854931135087769,
      -0.882348509705353,
      -0.877538652537116,
      -1.616014894250887,
      -0.3008204602502821,
      0.3324386687791374,
      1.6130391858287394,
      1.3564089158123551,
      0.9016441649253475,
      0.15373068808152138,
      -0.7371632915032293,
      -1.3385591881054402,
      0.4581871669324892,
      0.3472080880347833,
      -2.8165046312145643,
      -0.9794486804447967,
      -0.4664792348185436,
      1.5314069353606272,
      -0.3383416222948663,
      0.46222941077967494,
      0.5588808558483528,
      -0.024543659461671974,
      -0.019135586124815467,
      0.2684376243904372,
      2.025068699424053,
      -1.9259652805766758,
      1.5029639719976713,
      -0.5521631036576918,
      0.26621371237566505,
      0.971905704102618,
      2.2088452370675102,
      0.5913806659441996,
      0.9187343361291036,
      0.49473448142162657,
      0.23845386074288796,
      -0.15040481819555826,
      1.069074117866106,
      -0.258368336430896,
      -0.9824572986321113,
      0.05137986283583951,
      0.8121159071339366,
      1.0518945192783706,
      -1.4599382648049306,
      -1.7818991798580357,
      0.439044634528237,
      0.3261072714633325,
      0.4623564299268884,
      -0.7975588670126523,
      -0.5021370879395217,
      -1.5842302170231801,
      1.4144158925060277,
      -1.4239993816630345,
      0.554256204800041,
      0.9391162354779309,
      -1.9484338996042745,
      0.09908076095523163,
      -1.8433468154155224,
      -0.13586785685400937,
      -0.21180839294546752,
      -1.306916453918844,
      -1.4896936682159427,
      -1.8376822197543303,
      1.1240725298368095,
      0.49470159796495405,
      -0.8735924956965708,
      1.697991470590596,
      0.41356656754589505,
      -0.6990682288733625,
      1.8131483526547165,
      -1.114079610796395,
      -1.4279402022759764,
      0.3201466981445493,
      0.008077813378339377,
      -0.037307365371484894,
      -2.2357170109057156,
      0.2985348130593691,
      -0.4883934463067021,
      1.1371042198764099,
      0.7140443430356667,
      1.9762775615136636,
      1.3377970282794613,
      1.4450395078308964,
      1.2905561698356487,
      -0.563190360009752,
      -0.3530450453312005,
      0.9209953526599488,
      -0.4516724013541843,
      -0.3998606922021066,
      -1.111323476471701,
      0.16473164986531139,
      0.17739401948208997,
      1.6796464203491634,
      0.7500472599298379,
      -0.1928601021209851,
      -0.10111094987359769,
      -0.41004961505153165,
      -2.2421003505839483,
      0.2696529501510866,
      0.7072303883148692,
      1.4136863003458773,
      -0.053499648321200285,
      1.8808326578244638,
      0.7220364076045678,
      -1.9318754495112513,
      -1.1317325956750066,
      2.187086681007471,
      0.6459602822855389,
      -0.1154685853035119,
      -0.7158954753898648,
      -0.20871738567443338,
      0.2830025563173912,
      0.12460154764522775,
      0.11156965141556603,
      -0.6071241597272807,
      -0.25902391381188994,
      1.1767177946294638,
      1.206362050937952,
      -0.5021340596303847,
      -0.495412421567206,
      -1.3705581405885459,
      0.1804245041743886,
      -1.1756138839710306,
      -0.12971088542842868,
      1.1592427505453444,
      1.567451200958336,
      0.7476075259579942,
      -1.8544977488771668,
      -1.776447947960481,
      0.08185723859293019,
      1.4153042131016198,
      0.9447761251249385,
      -0.4500430298433402,
      2.2885437073170016,
      0.09002700683708154,
      1.1029685036530719,
      0.2096082331949159,
      -2.1430767392148136,
      0.31751114055450164,
      -1.8958542351029823,
      -0.2337866362447366,
      -0.28626082578781076,
      -1.6739474662444802,
      0.6411567039650298,
      -1.7937637666663853,
      0.22392852559424023,
      -1.025951898727596,
      0.1370173061807818,
      -0.2117905023871413,
      0.6935930219361852,
      -0.9850451599017527,
      0.2107278586221369,
      0.5601875047688645,
      -0.5035794808001336,
      3.5612207552533017,
      -1.1395914070289066,
      -0.14458062763074597,
      -1.0352836735590056,
      0.25651539734780976,
      -0.3935095399463028,
      2.8110815760504013,
      -0.4417820904381219,
      0.7810634659906979,
      -1.465255838477687,
      2.197359695333582,
      1.1709648288742518,
      0.20891839481256,
      0.6320103290665282,
      1.1853632055976373,
      -1.3356796985690957,
      -1.7219731541328898,
      0.9142717700064275,
      0.37353527000714465,
      -0.06606428159600924,
      -2.648010604083993,
      0.16206632417155958,
      -1.5068567710433263,
      -0.8403294471299178,
      0.37824845779705873,
      -0.1602777601314952,
      -0.17245275973892488,
      -0.6435588209952632,
      0.5456948358613094,
