{
  "nnAssistSchemaVersion": 2,
  "nnAssistWeights": {
    "neurons": [
      22,
      32,
      1
    ],
    "weights": [
      -0.41229052738245037,
      2.016931783665637,
      0.22570237828449413,
      -0.7437943930408062,
      0.53898251036543,
      -0.5168004392025562,
      0.2995579265270386,
      -0.037724672011411366,
      -1.6073587202507693,
      1.3149534205791507,
      -0.6513241645593492,
      1.438396441592005,
      1.0342969334108147,
      -0.3732992709625358,
      -1.0792114109607847,
      -1.2296702891181674,
      -0.6941020338894897,
      -1.0274813896480088,
      -0.4245478780798799,
      -0.9836782800708639,
      0.8090137719603618,
      -3.747681677950565,
      -1.3932621840871429,
      -1.0694723163541626,
      2.573694224207526,
      0.8442165991248554,
      -1.5522349762489467,
      2.5274512612971813,
      -0.029934286683072076,
      -0.8940029917634904,
      -3.166937177410134,
      -1.313177659028297,
      0.35500450838018893,
      -1.341402317382286,
      1.4617270252680201,
      -1.5636932248476478,
      2.2131330655533263,
      1.01526934902295,
      1.6317504386312847,
      1.9808511334184253,
      -0.5448614823370252,
      0.06267424852861139,
      -1.6995040499833607,
      -1.9792573284394666,
      -1.000559364865455,
      -0.8734964609267022,
      1.5035614979264689,
      -0.5684207190235593,
      -0.6353773611795468,
      -0.24523293229120136,
      0.1792324767689029,
      1.2970342131652455,
      -0.6892117275447949,
      0.31499442611173706,
      1.1791875121935653,
      0.3199633659585096,
      -0.25367016174929163,
      1.2656755687429695,
      -2.1095221464563627,
      2.320939061840241,
      0.8072012459273981,
      1.9639455248266178,
      1.7231014957167885,
      -1.7612686018348465,
      -0.6446280844654195,
      0.33434536337960974,
      -0.006397144603359092,
      1.3462365037114028,
      1.3905771405232579,
      0.0002317849127403404,
      1.82168681783219,
      -0.47544067990770567,
      0.7570992665573035,
      0.025198765900673575,
      -0.16966644973920303,
      1.1659580398554727,
      -0.7062375759815532,
      0.5337097374932405,
      0.014400454419150374,
      1.4858145892668575,
      -0.5613161125964137,
      0.36885358058345286,
      -0.6624004676748351,
      -0.9358156296983193,
      1.6125060996074656,
      1.79226429373545,
      -1.22954810331463,
      0.9963825194643918,
      -0.7552685938426252,
      1.8557576778640799,
      0.5952065708091842,
      -0.06982588587264561,
      -2.551105160605251,
      0.4660349580886861,
      0.3849686311775725,
      -1.6253384559836093,
      1.8697161651656113,
      2.6814831306266345,
      0.04081008710942939,
      0.404150111159246,
      -1.9024282702796806,
      -0.10747861875237627,
      1.3381721709417462,
      -1.28946193031457,
      1.4828452652117234,
      0.41492419624194654,
      -1.7989143268886296,
      -0.7395075573069122,
      -1.0202108199189717,
      1.6327916308542194,
      2.040334407326104,
      -1.8559404146402398,
      -0.6979827225632967,
      -2.586185859251707,
      0.5656599128214739,
      0.5774518905128708,
      -0.9750768221740005,
      -1.0027924246276216,
      -1.7526419708455396,
      -0.46642128210194156,
      0.6404298059238805,
      2.0194792767090783,
      1.2953347778418471,
      0.8758163778467174,
      -0.15321602108877144,
      -1.1330777140938608,
      -1.368994113611427,
      0.4242831274142309,
      -0.2746778571234921,
      -2.8337918997993086,
      -1.1726260131974255,
      -0.5771635006096087,
      1.691512876736826,
      -0.12499428383321627,
      1.1875731354932795,
      0.6159084167802213,
      -0.220735162740696,
      -0.10167150401326305,
      0.011792636875329637,
      2.0331731320798054,
      -2.444872274549719,
      2.0126635717688885,
      -0.9733646614741822,
      0.0009269355070968405,
      1.3319603485466156,
      1.785780456627326,
      0.12588797743266025,
      1.3436242019688749,
      0.5512811110477469,
      -0.09234881179341442,
      -0.20000947479426107,
      0.8965452929052565,
      -0.2125651217908329,
      -0.5268179023671375,
      0.3647671256080722,
      0.8543366577439873,
      0.6961218696744538,
      -1.8077792419041097,
      -1.0805136806527158,
      -0.3336859386490485,
      0.234119170425557,
      0.46493831969507876,
      -0.4312698110942669,
      -0.9080350912200943,
      -1.4181474908036487,
      1.1545250178787756,
      -1.5821122949506734,
      0.5885869111904629,
      1.2333776715015203,
      -1.7368692152163,
      0.14242190066808696,
      -1.3793112731768182,
      0.03599412419852499,
      -0.8291557936197109,
      -1.7909826342523762,
      -1.5784811491071409,
      -2.1100739306254677,
      1.37373770982056,
      0.5699870887819656,
      -1.2936882054899093,
      2.117799175789229,
      0.29464142469118126,
      -1.1718404002082603,
      2.4967552693181796,
      -0.9299145648894152,
      -1.8697878697386099,
      0.2802123321988908,
      0.39818995203496144,
      0.20096694582254362,
      -1.8709271866433959,
      0.44891253425829675,
      -0.4942144744599426,
      1.2247082723366205,
      0.7784251234931017,
      1.5054881923100019,
      2.1457843753452273,
      1.0902714871025783,
      1.1038876445095063,
      0.591731727508955,
      -0.4359706490946321,
      0.6385149361121378,
      -1.0563611362194785,
      -0.5395242001989814,
      -0.8095155817950165,
      0.7201577746262043,
      -0.46224540180977214,
      1.2198588513252702,
      -0.09148015889908054,
      -0.24113684321587614,
      0.3367764199218519,
      -0.08284699770903771,
      -2.4997563501476807,
      0.6095748378068426,
      0.7190488081783708,
      1.874476356094317,
      0.19116736318751437,
      2.431488092295218,
      0.6759356523611619,
      -2.264663211328393,
      -1.053565802289437,
      2.6775159803549236,
      0.6300179169167346,
      -0.30244260885173124,
      -0.7394969080160636,
      -0.15793123779805718,
      0.2520066310224756,
      -0.20034177689878685,
      0.03294619853252684,
      -0.1258314990642716,
      -0.5532594469667264,
      1.8351412616390745,
      1.093609285826411,
      -0.8089324018591278,
      -0.6347126122638107,
      -1.4665050919496965,
      -0.10929359570288597,
      -1.371940167157704,
      -0.1898141681825141,
      0.9335483795065955,
      1.4970152662838871,
      0.8377582153663242,
      -1.9486351275780618,
      -1.422391919893031,
      0.06818859266151603,
      1.300931101216867,
      1.3332460650909634,
      -0.3195475381130334,
      2.5839244791907414,
      0.4358748477392273,
      0.8154143662580898,
      0.579050111586939,
      -2.0257792782835864,
      0.7981814931678665,
      -1.890676475035989,
      -0.420499693318525,
      -0.1804031737126872,
      -1.6123074631284284,
      0.9170715212905036,
      -1.7418551317386004,
      -0.0555349548849295,
      -0.838096110859566,
      0.02471648544618319,
      -0.9012718940185138,
      0.9099346278803782,
      -0.8983144399935694,
      -0.2747612860211503,
      0.5549441349164617,
      -0.3090219922830376,
      3.6949796593541153,
      -0.8714116200890153,
      -0.15381833779737591,
      -1.2305505777207275,
      0.40933480190090454,
      -0.18252103784523102,
      2.8973549604115796,
      -1.1151416877157756,
      0.18324763160426427,
      -1.6583281161971968,
      1.6395527700193608,
      1.3430332086959231,
      0.1419736593841906,
      0.6076000713793227,
      0.9369606537484408,
      -1.7101735852068582,
      -1.2983549518546376,
      1.037171521297733,
      0.5050105610547941,
      -0.2024954100136937,
      -2.0784831027089368,
      0.5450945802645858,
      -1.7665360860473869,
      -0.9696285667855614,
      0.7988016875411454,
      -0.0012651488364072705,
      -0.3822513363171958,
      -0.7806656323969792,
