{
  "nnAssistSchemaVersion": 2,
  "nnAssistWeights": {
    "neurons": [
      22,
      32,
      1
    ],
    "weights": [
      -0.3538478769612716,
      1.907909794931152,
      0.09073194937678503,
      -0.4686370608158903,
      1.213149195819911,
      -0.756010729581236,
      0.16626764282432438,
      -0.8363931787672555,
      -1.797685167466279,
      1.6828971656199025,
      -0.7237657607860959,
      1.4054913608265673,
      0.6292082681286493,
      -0.5052031428258342,
      -1.313685066067667,
      -1.312067033469871,
      -0.9358430747236556,
      -1.4111027568539087,
      -0.5886994062109339,
      -1.6497839836135986,
      0.22250279473311263,
      -3.1107900580980385,
      -2.0024264747424247,
      -0.5528214755427728,
      2.127049839723281,
      0.24127080891933683,
      -1.5623605599855996,
      2.236805095546128,
      0.1127543619008381,
      -0.7970096844477793,
      -3.225867563923003,
      -1.0322921036243062,
      0.03715346307165632,
      -0.8565598542263246,
      1.5964025595971911,
      -1.9414347764257678,
      2.136505791485599,
      0.9043577094453568,
      1.8668633485996995,
      2.1349647342402367,
      -0.43393984493744453,
      0.32391248953888574,
      -0.9664425423378946,
      -2.1382014732357995,
      -0.9390896331899377,
      -0.7016051161619903,
      1.7852952229699408,
      -0.6902239137304138,
      -0.7976692910351786,
      -0.41528221006743204,
      0.5111050280554847,
      1.5764734469269863,
      -1.1228836756968819,
      0.4206941570220622,
      1.311593161935357,
      -0.3074094852368572,
      -0.6380172118651996,
      1.036713300164132,
      -2.012431859714373,
      1.5892714325380186,
      0.7388728154741315,
      1.5583026868901135,
      2.1217985063579743,
      -1.6322388920313546,
      -0.8117422143286914,
      0.37795959738286566,
      -0.11078996677823438,
      1.1470038810616172,
      1.4294086327607622,
      0.4140071856147574,
      2.1513905184272746,
      -0.3656033164804656,
      1.1185062179041168,
      0.09437632316418476,
      -0.2247492465819742,
      1.2165197072190894,
      -1.1212998338619982,
      0.09699248846892028,
      0.6093586407779092,
      0.832686120678158,
      -0.6015460092398603,
      0.6338666173196308,
      -0.3567885752660791,
      -1.02696049555607,
      1.5453247722796442,
      2.176180472262601,
      -1.001429596960394,
      1.579633627426704,
      -0.5912884737398041,
      1.242741647710491,
      0.43365160142109827,
      -0.4531599334091493,
      -2.8838435804396916,
      1.0780364248817251,
      -0.242980311480953,
      -0.8837834991763498,
      2.032796189457507,
      2.69880056906284,
      -0.7291650982456603,
      0.09685251675763762,
      -2.4713229744493344,
      -0.04710832017829297,
      1.1520308674977717,
      -1.3571865443376971,
      1.1290715530293374,
      0.8049313448629406,
      -2.1994885739534826,
      0.5287835035654251,
      -1.5832367864764572,
      1.3397126635775805,
      2.3990763712661933,
      -2.1177296637331775,
      -0.8781281744256055,
      -2.2834171538513752,
      0.6798456995690849,
      0.7288064923069291,
      -0.787266747521878,
      -1.0089451023307912,
      -2.7205762310585473,
      0.31562142868301013,
      0.501466383917118,
      1.2994310959655349,
      1.2225936882217765,
      1.10511487296607,
      0.15783312378229652,
      -1.5719648871512475,
      -1.8264903198622402,
      0.9599521650835502,
      0.08067341721236332,
      -2.492177864939243,
      -1.1642664978673323,
      -0.31627810184621813,
      1.74854672085691,
      0.2123255750171414,
      1.5029942561017238,
      0.04285033165911667,
      -0.054417588938074524,
      -0.34332341040989656,
      -0.05840585128592152,
      2.4216074727107926,
      -2.214051642424594,
      2.033657181562826,
      -0.8263470166425064,
      -0.02840631577047141,
      1.3280769583290373,
      2.3912232135431237,
      -0.19284913601097992,
      0.7147768848659002,
      0.685712867274797,
      0.13316143475313602,
      -0.8986295082508573,
      0.8139832663303143,
      -0.14881256752297925,
      -0.09062607143708451,
      0.01752567435143973,
      0.8262167458698424,
      0.7758773916836036,
      -2.3150316079511786,
      -0.613691606702386,
      -0.7257541840703499,
      0.1847369435550863,
      0.2403847974033204,
      -0.23194420998887336,
      -1.2426003850978276,
      -2.4670277755798793,
      1.1376837265212196,
      -2.266110756170217,
      0.8470011917272431,
      0.755886351067876,
      -2.313114556326665,
      0.10284495456573653,
      -1.062908709967187,
      0.9456728091965171,
      -1.1203705307941687,
      -2.8424622442017577,
      -2.01180465624014,
      -2.8143937099967102,
      1.534050084500692,
      0.3078986149509424,
      -1.201533399421151,
      1.8706390169506297,
      0.04488746741983202,
      -0.6577230455621628,
      2.180727571841314,
      -0.9951254962304781,
      -1.7850488919276508,
      -0.07590848327105043,
      0.46253928898376845,
      0.38284137619506386,
      -2.123482857635273,
      0.14772654309666367,
      -0.48398904333597054,
      1.7700543685600953,
      1.3544906776015386,
      1.8571916836114293,
      1.6064120363694647,
      1.390231002389862,
      1.482650424243686,
      0.5609910920935771,
      -1.2076671389050984,
      1.18469515503204,
      -1.0177469835119406,
      -0.648864912886756,
      -1.11081058302226,
      0.6830038432963047,
      -0.35730197990197987,
      1.6877361820380328,
      -0.2258955049592365,
      0.03455671151024152,
      0.29120961767878273,
      -0.2615748636157396,
      -2.7189537322435178,
      0.37473747231941856,
      1.0840219704626088,
      2.305361417921004,
      -0.03401626486648851,
      3.168886823243017,
      -0.39480514084253227,
      -2.39146728766287,
      -0.9796242658378798,
      2.64278209942551,
      -0.19898524586265542,
      -0.7379751562996506,
      -0.6860832341490812,
      -0.14073774182887844,
      -0.3832425976890069,
      -0.9629990933561194,
      -0.22160696985089232,
      -0.307530264782607,
      -0.3547881730842881,
      1.7893443475824016,
      1.0028803049371329,
      -0.2729787492120339,
      -0.9624000520588258,
      -0.7007235248625439,
      0.2171163911068772,
      -1.9149947999861447,
      -0.15152006425011982,
      -0.020905609371574485,
      1.7228998238629938,
      0.930434954319936,
      -1.7288537325746671,
      -1.4385262549978002,
      0.05150403041615981,
      1.46585826805759,
      1.0034475640646923,
      -0.21541410308115702,
      2.7468675495481687,
      0.724878226129146,
      0.9666724783385324,
      0.7687294848789691,
      -2.125127045625634,
      0.1967313259535789,
      -1.9265401829237072,
      -0.3372869265052731,
      -0.17355012328116942,
      -1.3500039185850143,
      0.42402384690796335,
      -1.9612095786794614,
      -0.001230790188154418,
      -1.0722730502078026,
      0.28448875617455727,
      -0.5760641096743333,
      1.4834038995758956,
      -1.2330272168061687,
      -0.2473706407978723,
      0.8407952800456309,
      0.04853506842236063,
      4.236845695410769,
      -0.7826939826333265,
      -0.37324093694774574,
      -1.1308927070751023,
      0.3828020991744543,
      -0.52998531758134,
      3.24649634778791,
      -0.5407588482837167,
      0.5163966226446783,
      -1.7046146008480014,
      1.204664739515036,
      1.709111332695574,
      0.456706943406752,
      1.0608203549938557,
      0.21960878083301538,
      -1.867240031734653,
      -1.6138733333828492,
      1.0210684246694608,
      1.0677174306363095,
      -0.09363832765955316,
      -2.0576765388952056,
      0.22232120042411674,
      -1.3706821572628503,
      -0.8187670109202001,
      0.19415077771004263,
      -0.21235289889636508,
      -0.30203706905649397,
      -0.8824155319061968,
      -0.8495073986302524,
