{
  "nnAssistSchemaVersion": 2,
  "nnAssistWeights": {
    "neurons": [
      22,
      32,
      1
    ],
    "weights": [
      -0.38772667901055763,
      1.7729452493115456,
      0.469977981068723,
      -0.7332035668723843,
      0.6744659541358866,
      -0.43790690076186,
      0.1664281895598445,
      -0.03534176857024294,
      -1.502794023699168,
      1.472045319410674,
      -0.35879439737674645,
      1.1958218323364722,
      0.7916457797262091,
      -0.5688726361492236,
      -1.0865642913024318,
      -1.191707107278979,
      -0.5568271960738004,
      -0.813855318902605,
      -0.2781202318548155,
      -1.1287902113851649,
      0.9609216620833078,
      -3.6391405344865144,
      -1.384369629298234,
      -1.170719307002601,
      2.3509409832806005,
      0.622851838830868,
      -1.5878680554811428,
      2.730805228681099,
      -0.2008863040008637,
      -1.1894170669574882,
      -2.938232807755071,
      -1.2106355713244152,
      0.08896176544167406,
      -1.351191400986582,
      1.602620946253416,
      -1.6832742177525253,
      1.9715444186475,
      0.7241646515488718,
      1.3986578943112953,
      2.2805507172346986,
      -0.3791873575240212,
      -0.14329329210669473,
      -1.9095821140699032,
      -1.6852719175185589,
      -0.8719523471520405,
      -0.5900397038424972,
      1.6051843104115988,
      -0.48019764593498326,
      -0.7445021857075398,
      -0.49878351643422836,
      0.3069523289684813,
      1.3645446433216628,
      -0.5409266543262836,
      0.35989029132544903,
      0.9608361760091724,
      0.444784863278468,
      -0.33697093371772324,
      1.1577098410872555,
      -2.3187915864891653,
      2.4197263837816183,
      0.8667261935075744,
      1.7493292564689447,
      1.490774318107408,
      -1.953657869514517,
      -0.9109178492955232,
      0.588504037554721,
      0.12140348671056221,
      1.2970536735062692,
      1.403792444732756,
      0.12079267175816161,
      1.5599476461167423,
      -0.6292600300166051,
      0.9064902670023111,
      0.1804259453109991,
      -0.2444325528379048,
      1.1253028178374187,
      -0.8684803792005886,
      0.736146244868731,
      -0.03324870061701474,
      1.212911460129941,
      -0.860775423927585,
      0.3446480742036241,
      -0.7061143880129945,
      -0.9751643892667663,
      1.3651196735336768,
      1.823059912367399,
      -1.4228037866697356,
      0.7064562273394616,
      -0.9239373358141513,
      1.5708476589931188,
      0.5360104572312694,
      -0.05096838942528675,
      -2.4945741034702893,
      0.5091135601347527,
      0.6315512504528528,
      -1.4927020210923774,
      1.6049426903480215,
      2.935169857876401,
      -0.0655536842872192,
      0.3408014020261084,
      -1.7973897749038397,
      -0.07810068610251658,
      1.4593231588846323,
      -0.9926843894237675,
      1.2526179127662354,
      0.5640714942743048,
      -1.6394437401036444,
      -0.6277296202391439,
      -1.0417629690891286,
      1.440367521072199,
      2.005891779821294,
      -1.8326457631250486,
      -0.4014022154553365,
      -2.326022843245894,
      0.7309248177964224,
      0.7637114154978226,
      -0.6796729862666234,
      -0.8300857034386309,
      -1.5130496939127893,
      -0.32109136072656047,
      0.6759418127059647,
      1.764291560250606,
      1.1458850140269037,
      0.9727682186172428,
      0.04780962489818488,
      -1.041015083997582,
      -1.4314683338979417,
      0.5509717594305946,
      -0.23534292116309752,
      -2.859883118695181,
      -0.9731507587884062,
      -0.4828541678297157,
      1.5332998279474046,
      -0.21923274886978006,
      1.042466855355495,
      0.6476736818871401,
      -0.30312879167823875,
      -0.12572164600296792,
      0.18236381255080308,
      1.8782107237056274,
      -2.448821949289573,
      1.7166324012451162,
      -0.72445569455804,
      -0.11105895774356855,
      1.0816176707738467,
      2.03879299576409,
      0.33534648265780553,
      1.3826076876475926,
      0.7806520143077322,
      0.07372317898373687,
      0.020608151390427903,
      0.9679450907444591,
      -0.3018915439758588,
      -0.6734383528451917,
      0.11104024102679455,
      1.1446251771599756,
      0.6695923629298604,
      -1.5306930692888094,
      -1.324831766560035,
      -0.17282312475375616,
      0.2739599059542496,
      0.44632475923877885,
      -0.2800739637249756,
      -1.0865067367459282,
      -1.2227296723153653,
      1.024481629783236,
      -1.5008773231562658,
      0.8688347031548797,
      1.033228767075088,
      -1.9143520649556474,
      0.43921940582721675,
      -1.5004887181589852,
      -0.08823127989632279,
      -0.7310853853854774,
      -1.6577718779963184,
      -1.4984094351947428,
      -1.9100559673710298,
      1.3220500486021316,
      0.6155021864053405,
      -1.0838301596487212,
      1.860942282190892,
      0.3812521305865312,
      -0.9304430684451203,
      2.2170597554651854,
      -0.9103121661161027,
      -1.6102609424411,
      0.28942632059745327,
      0.3398608495324512,
      -0.06106864177012075,
      -2.1238476673064435,
      0.43850130741528104,
      -0.37805809660421275,
      1.4208236063916762,
      1.014857165119765,
      1.6118465489462672,
      1.9216095239400048,
      0.9981260799711762,
      1.271279928081612,
      0.5185069204498187,
      -0.45556681003244304,
      0.5803761201449625,
      -1.0464729702171147,
      -0.27403549898447976,
      -0.7351381463196962,
      0.5200110709441478,
      -0.650747360349091,
      1.3256633178300221,
      0.05302633703172932,
      -0.15527277349349666,
      0.2905723625759119,
      -0.12466187440253979,
      -2.2587650276282685,
      0.4061365533127437,
      0.5196420814384927,
      1.7742532444237695,
      -0.004714695403075224,
      2.2978257670556212,
      0.6193106474842343,
      -2.078754159556911,
      -0.9164457649451125,
      2.3835344615514633,
      0.5237092361545113,
      -0.04768462732917318,
      -0.797858210781406,
      0.08420874962029345,
      0.23764434101945547,
      0.0007903032578579633,
      0.237454656788888,
      -0.4142414933149658,
      -0.37672287995500364,
      1.557259671027045,
      1.0804183764585265,
      -0.6976104380297693,
      -0.4498106994461549,
      -1.2567297595595013,
      -0.30845496532038597,
      -1.6019820810221654,
      -0.2299897722524284,
      0.9935551827613629,
      1.6497240980110095,
      0.7954399099831402,
      -2.0677976716292705,
      -1.3275641343619917,
      0.2406211708707392,
      1.4784835865389097,
      1.1218312860004587,
      -0.4340802498884749,
      2.7939354155182476,
      0.5270339903961494,
      1.0494471601542161,
      0.3948694313900526,
      -2.059467277272314,
      0.589201748178914,
      -1.8806711326735517,
      -0.1790010843549856,
      -0.31901700657108917,
      -1.5556498936483047,
      0.7607131039089052,
      -1.8638801257450086,
      0.0248276629733358,
      -0.8854575198464604,
      0.06918489002528816,
      -0.6151876941898271,
      0.7013135054004939,
      -0.9053785470354327,
      -0.05700635979217031,
      0.2870606680768344,
      -0.29188801704563616,
      3.5849094445497367,
      -0.9984573738124438,
      -0.14174785243698196,
      -1.0806227863964828,
      0.27253967436526577,
      -0.2739444085415823,
      2.6721087701479154,
      -0.8329628746381192,
      0.24119654257770795,
      -1.6068252000323549,
      1.9060129256048794,
      1.1173885833279893,
      0.15796680696720367,
      0.5761253085893964,
      1.153953734806516,
      -1.6141517879793428,
      -1.5874120082441416,
      1.0912707638566208,
      0.32426941522788016,
      -0.21929742075302994,
      -2.320791446966764,
      0.328480177126052,
      -1.6270150473645881,
      -0.9289293683287124,
      0.9083027287479466,
      -0.1715082427499472,
      -0.5805301904034583,
      -0.775602578969159,
      0.12297446758828512,
